{
  "raw": {
    "SPY": {
      "r": -0.07712778982932339,
      "p": 1.6527018938051363e-05
    },
    "EZA": {
      "r": -0.08032639612553967,
      "p": 7.240848520223234e-06
    },
    "EWZ": {
      "r": -0.08795589358921349,
      "p": 8.914522234765095e-07
    },
    "INDA": {
      "r": -0.0872753705774993,
      "p": 1.0824043503354927e-06
    }
  },
  "garch_residual": {
    "SPY": {
      "r": 0.07171475824589792,
      "p": 6.223335554772273e-05
    },
    "EZA": {
      "r": 0.02330249467559705,
      "p": 0.19374120976340167
    },
    "EWZ": {
      "r": -0.04730513533756928,
      "p": 0.008306549472402579
    },
    "INDA": {
      "r": 0.0050944271229705265,
      "p": 0.7763476719906891
    }
  },
  "summary": {
    "raw_dev_rho": 0.07712778982932339,
    "raw_frontier_rho": 0.08518588676408416,
    "garch_residual_dev_rho": 0.07171475824589792,
    "garch_residual_frontier_rho": 0.02523401904537895,
    "raw_frontier_ratio": 1.1044772182969664,
    "garch_residual_frontier_ratio": 0.3518664729908971
  }
}